,dept,management_salary,degree,cluster
0,1,0.0,44,0.2764227642276423
1,1,,52,0.2653061224489796
2,21,,95,0.2978027115474521
3,21,1.0,71,0.38491048593350385
4,21,1.0,96,0.31869137497140243
5,25,,171,0.10700197238658778
6,25,1.0,115,0.15518331226295828
7,14,0.0,72,0.28778467908902694
8,14,,37,0.4470588235294118
9,14,0.0,40,0.42532005689900426
10,9,0.0,47,0.3154486586493987
11,14,0.0,76,0.22917437985931136
12,14,1.0,58,0.3025974025974026
13,26,1.0,180,0.11089951120421507
14,4,,80,0.21578421578421578
15,17,0.0,52,0.3526530612244898
16,34,0.0,74,0.28470936690114773
17,1,0.0,111,0.28593272171253825
18,1,,56,0.30118798043326345
19,14,0.0,72,0.28322981366459626
20,9,0.0,74,0.28482003129890454
21,9,1.0,138,0.24803921568627452
22,9,0.0,15,0.38461538461538464
23,11,0.0,81,0.3427458617332035
24,11,0.0,40,0.38549075391180654
25,11,0.0,33,0.48295454545454547
26,11,0.0,35,0.5208333333333334
27,11,,63,0.36885245901639346
28,11,1.0,105,0.34475537787930705
29,11,1.0,58,0.3935064935064935
30,11,,68,0.4027972027972028
31,11,,50,0.4122340425531915
32,11,0.0,35,0.5473484848484849
33,11,0.0,30,0.5793650793650794
34,11,,31,0.6379310344827587
35,11,1.0,59,0.41228070175438597
36,11,1.0,45,0.46511627906976744
37,11,,37,0.43025210084033616
38,11,0.0,47,0.39595959595959596
39,11,0.0,36,0.48128342245989303
40,11,,60,0.3605565638233515
41,5,0.0,91,0.30771195097037796
42,34,0.0,75,0.3314307458143075
43,14,0.0,14,0.5909090909090909
44,14,1.0,106,0.25
45,17,,48,0.3710144927536232
46,17,0.0,73,0.3907444668008048
47,10,1.0,51,0.41241496598639454
48,10,0.0,59,0.3283208020050125
49,36,0.0,15,0.47435897435897434
50,37,0.0,17,0.5047619047619047
51,5,0.0,69,0.276797829036635
52,7,0.0,26,0.2210144927536232
53,4,0.0,40,0.30256410256410254
54,22,,51,0.5255102040816326
55,22,,43,0.5426829268292683
56,21,0.0,48,0.5516908212560386
57,21,1.0,67,0.4153846153846154
58,21,1.0,126,0.2942564909520063
59,21,0.0,53,0.52
60,7,,55,0.4020319303338171
61,7,0.0,71,0.27408354646206307
62,36,,216,0.15203369751217585
63,21,1.0,125,0.2932160469145675
64,25,1.0,170,0.13159395494724835
65,4,,91,0.17288049029622063
66,8,0.0,36,0.28520499108734404
67,15,0.0,9,0.4722222222222222
68,15,0.0,48,0.4115942028985507
69,15,0.0,64,0.28820729772607084
70,37,0.0,18,0.5751633986928104
71,37,0.0,18,0.6083333333333333
72,9,0.0,8,0.42857142857142855
73,1,0.0,31,0.3694581280788177
74,1,0.0,93,0.22808302808302808
75,10,0.0,22,0.3368421052631579
76,10,0.0,24,0.6493506493506493
77,3,,25,0.43333333333333335
78,3,0.0,23,0.4901185770750988
79,3,,44,0.3240418118466899
80,29,0.0,72,0.336231884057971
81,15,1.0,113,0.30925470925470927
82,36,1.0,233,0.1660831921701487
83,36,1.0,141,0.2537795850276301
84,37,1.0,132,0.13559928443649374
85,1,0.0,39,0.26576576576576577
86,36,1.0,218,0.12058570198105081
87,34,1.0,139,0.2731859167024474
88,20,0.0,33,0.4236559139784946
89,20,0.0,71,0.29454390451832907
90,8,0.0,29,0.4131054131054131
91,15,0.0,31,0.43103448275862066
92,9,0.0,44,0.18234610917537747
93,4,0.0,87,0.2523809523809524
94,5,0.0,44,0.38443670150987225
95,4,0.0,48,0.40193236714975844
96,20,1.0,120,0.19947848761408082
97,16,,25,0.5573122529644269
98,16,0.0,25,0.525691699604743
99,16,0.0,29,0.5014245014245015
100,16,0.0,41,0.3117408906882591
101,16,,29,0.3162393162393162
102,38,0.0,23,0.40476190476190477
103,7,,52,0.403265306122449
104,7,0.0,33,0.6623655913978495
105,34,1.0,146,0.2608780108780109
106,38,1.0,142,0.25107913669064746
107,36,1.0,221,0.1700389594068116
108,8,,43,0.31585365853658537
109,27,0.0,5,0.3
110,8,0.0,11,0.75
111,8,0.0,8,0.8214285714285714
112,8,0.0,21,0.34502923976608185
113,10,,87,0.2971988795518207
114,10,1.0,142,0.27913669064748203
115,13,1.0,131,0.2915455426356589
116,13,0.0,83,0.3216049382716049
117,6,0.0,20,0.27450980392156865
118,26,0.0,32,0.23218390804597702
119,10,0.0,14,0.43956043956043955
120,1,0.0,19,0.3088235294117647
121,36,1.0,234,0.17289894014031945
122,0,,27,0.3333333333333333
123,13,0.0,36,0.36541889483065954
124,16,0.0,44,0.29732868757259
125,16,0.0,29,0.47863247863247865
126,22,0.0,35,0.4981060606060606
127,6,0.0,28,0.3412698412698413
128,5,1.0,146,0.26204351204351206
129,4,1.0,164,0.2200751476113795
130,0,0.0,37,0.34285714285714286
131,28,1.0,60,0.3895946763460375
132,28,1.0,63,0.40491803278688526
133,4,1.0,108,0.23378256963162625
134,2,0.0,25,0.28063241106719367
135,13,1.0,38,0.5333333333333333
136,13,1.0,29,0.6723646723646723
137,21,1.0,85,0.3535116074052307
138,21,1.0,32,0.5987903225806451
139,17,0.0,40,0.37980085348506404
140,17,0.0,41,0.3940620782726046
141,14,,83,0.2595679012345679
142,36,,141,0.2430403503284329
143,8,0.0,51,0.3120748299319728
144,40,,15,0.5641025641025641
145,35,,71,0.3989769820971867
146,15,0.0,30,0.26455026455026454
147,23,1.0,50,0.41551020408163264
148,0,0.0,20,0.33986928104575165
149,0,0.0,30,0.32275132275132273
150,7,,39,0.46996996996997
151,10,1.0,46,0.4619450317124736
152,37,0.0,69,0.37041773231031544
153,27,1.0,52,0.555052790346908
154,35,,54,0.48868778280542985
155,35,0.0,78,0.19080919080919082
156,0,0.0,23,0.3715415019762846
157,0,0.0,79,0.26144907723855093
158,19,,49,0.3829787234042553
159,19,0.0,38,0.4523809523809524
160,36,1.0,347,0.09351196494775868
161,14,0.0,43,0.3621951219512195
162,37,0.0,64,0.20833333333333334
163,24,0.0,52,0.3717948717948718
164,17,0.0,48,0.33816425120772947
165,13,1.0,119,0.28190391983495433
166,36,1.0,177,0.17438423645320197
167,4,0.0,70,0.2791922739244952
168,4,0.0,77,0.27855855855855854
169,13,0.0,119,0.31108163866784555
170,13,1.0,98,0.26535087719298245
171,10,1.0,45,0.4440753045404208
172,4,0.0,92,0.282896379525593
173,38,0.0,83,0.31790123456790126
174,32,0.0,73,0.3356136820925553
175,32,,11,0.5636363636363636
176,4,0.0,35,0.2537878787878788
177,1,0.0,54,0.2187028657616893
178,0,0.0,36,0.31016042780748665
179,0,0.0,55,0.33962264150943394
180,0,0.0,83,0.26450617283950617
181,7,,61,0.3389830508474576
182,7,0.0,47,0.45555555555555555
183,4,1.0,173,0.20275197798417613
184,15,0.0,80,0.32334332334332333
185,16,0.0,22,0.5238095238095238
186,40,0.0,31,0.37438423645320196
187,15,1.0,54,0.4206848357791754
188,15,0.0,41,0.4146341463414634
189,15,1.0,76,0.23731951129211404
190,15,0.0,34,0.4028520499108734
191,0,1.0,62,0.23502824858757063
192,21,0.0,23,0.5904761904761905
193,21,,28,0.7415384615384616
194,21,0.0,46,0.48520084566596194
195,21,0.0,37,0.5966386554621849
196,5,,35,0.5473484848484849
197,4,1.0,37,0.42521008403361343
198,4,1.0,38,0.4031746031746032
199,4,0.0,51,0.34778911564625853
200,4,,36,0.43493761140819964
201,4,1.0,57,0.39461279461279464
202,4,,7,0.47619047619047616
203,4,0.0,39,0.4426450742240216
204,5,,37,0.4722689075630252
205,5,0.0,31,0.46881720430107526
206,4,0.0,61,0.304500292226768
207,4,0.0,30,0.5052910052910053
208,22,0.0,53,0.4172549019607843
209,19,1.0,85,0.27358213341169557
210,19,1.0,86,0.4067699368904188
211,22,1.0,154,0.2177588009759498
212,34,0.0,121,0.3288705312633528
213,14,0.0,48,0.357487922705314
214,0,,53,0.32862745098039214
215,1,,92,0.2229712858926342
216,17,0.0,29,0.5185185185185185
217,37,0.0,24,0.358695652173913
218,1,0.0,68,0.26433566433566436
219,1,0.0,18,0.41830065359477125
220,1,0.0,18,0.35833333333333334
221,1,0.0,61,0.33060109289617484
222,1,0.0,72,0.3159420289855073
223,1,0.0,58,0.3422077922077922
224,1,0.0,15,0.3974358974358974
225,1,0.0,30,0.4576719576719577
226,1,0.0,63,0.32462877624167946
227,1,0.0,20,0.3333333333333333
228,1,0.0,22,0.38961038961038963
229,10,0.0,33,0.3225806451612903
230,23,,23,0.5666666666666667
231,0,,64,0.21205711263881544
232,4,1.0,91,0.17288049029622063
233,19,0.0,66,0.3740079365079365
234,19,0.0,51,0.35714285714285715
235,19,0.0,24,0.47101449275362317
236,19,,52,0.4514285714285714
237,19,0.0,31,0.47044334975369456
238,19,0.0,45,0.25249169435215946
239,19,,11,0.4727272727272727
240,19,,22,0.5736842105263158
241,19,0.0,23,0.5428571428571428
242,19,0.0,34,0.4274193548387097
243,19,0.0,53,0.3341176470588235
244,19,0.0,28,0.4553846153846154
245,10,0.0,53,0.42901960784313725
246,14,0.0,19,0.4485294117647059
247,14,,17,0.625
248,1,0.0,26,0.3630769230769231
249,14,,168,0.2548375319459657
250,7,0.0,35,0.5113636363636364
251,13,,38,0.5380952380952381
252,20,,121,0.2767412049565589
253,31,,42,0.38443670150987225
254,40,0.0,84,0.32008431195423065
255,6,,65,0.3937532002048131
256,4,0.0,129,0.2967129108861392
257,0,0.0,19,0.4502923976608187
258,8,0.0,59,0.2387218045112782
259,9,0.0,31,0.270935960591133
260,9,0.0,23,0.319047619047619
261,10,,50,0.4601063829787234
262,0,,28,0.32
263,10,0.0,64,0.36488630354309887
264,14,,38,0.4587301587301587
265,14,0.0,39,0.4219219219219219
266,14,,33,0.3913978494623656
267,14,,20,0.5490196078431373
268,39,0.0,37,0.32882882882882886
269,17,1.0,84,0.32339656729900634
270,4,,15,0.5714285714285714
271,28,,70,0.3217734855136084
272,17,,49,0.25809435707678074
273,17,0.0,31,0.5024630541871922
274,17,0.0,23,0.4743083003952569
275,4,0.0,36,0.35650623885918004
276,4,0.0,11,0.25
277,0,0.0,23,0.4857142857142857
278,0,,56,0.350104821802935
279,23,,10,0.5714285714285714
280,4,1.0,122,0.27408963585434176
281,21,1.0,61,0.4605493863237873
282,36,1.0,137,0.24452554744525548
283,36,,142,0.2643371017471737
284,0,0.0,44,0.29965156794425085
285,22,1.0,89,0.31275060144346434
286,21,0.0,46,0.547568710359408
287,15,0.0,22,0.4675324675324675
288,37,0.0,40,0.29871977240398295
289,0,0.0,8,0.35714285714285715
290,4,1.0,83,0.28858024691358025
291,4,0.0,29,0.4444444444444444
292,4,1.0,38,0.38412698412698415
293,14,0.0,22,0.5263157894736842
294,4,,25,0.42292490118577075
295,7,,85,0.22450778724654716
296,7,0.0,73,0.3235412474849095
297,1,0.0,19,0.4678362573099415
298,15,,16,0.325
299,15,,25,0.31620553359683795
300,38,0.0,76,0.28285820066641987
301,26,1.0,131,0.10392441860465117
302,20,0.0,24,0.48917748917748916
303,20,0.0,103,0.33584158415841586
304,20,0.0,31,0.3866995073891626
305,21,0.0,62,0.4067796610169492
306,9,,50,0.30407801418439717
307,1,0.0,24,0.2813852813852814
308,1,,41,0.3508771929824561
309,1,0.0,46,0.3118393234672304
310,1,,31,0.4236559139784946
311,1,,36,0.3396825396825397
312,1,,29,0.3645320197044335
313,1,0.0,19,0.625
314,1,0.0,52,0.3657142857142857
315,1,,8,0.39285714285714285
316,1,,47,0.2313131313131313
317,1,,24,0.4384057971014493
318,10,1.0,61,0.3904149620105202
319,19,,12,0.8666666666666667
320,7,,50,0.37145390070921985
321,7,0.0,57,0.35622895622895623
322,17,0.0,28,0.5784615384615385
323,16,0.0,36,0.3511586452762923
324,14,0.0,19,0.3333333333333333
325,9,0.0,29,0.358974358974359
326,9,0.0,42,0.3730769230769231
327,9,1.0,33,0.33548387096774196
328,8,0.0,21,0.4327485380116959
329,8,1.0,98,0.3350877192982456
330,13,0.0,11,0.3611111111111111
331,39,,24,0.2318840579710145
332,14,0.0,28,0.5052910052910053
333,10,1.0,135,0.2560947824105719
334,17,0.0,21,0.7602339181286549
335,17,0.0,26,0.5652173913043478
336,13,0.0,37,0.4235294117647059
337,13,1.0,40,0.45519203413940257
338,13,0.0,63,0.35081967213114756
339,13,0.0,60,0.38052026618269813
340,2,1.0,107,0.2600732600732601
341,1,0.0,13,0.6538461538461539
342,0,,74,0.24843505477308295
343,0,0.0,22,0.5263157894736842
344,0,0.0,19,0.4411764705882353
345,0,0.0,28,0.4553846153846154
346,0,0.0,29,0.4188034188034188
347,0,0.0,26,0.322463768115942
348,0,0.0,4,1.0
349,0,0.0,24,0.36363636363636365
350,0,0.0,25,0.34782608695652173
351,0,,62,0.3271186440677966
352,0,,28,0.39384615384615385
353,16,0.0,43,0.3170731707317073
354,16,0.0,12,0.8444444444444444
355,27,1.0,54,0.581447963800905
356,8,,51,0.44727891156462585
357,8,0.0,47,0.4484848484848485
358,14,0.0,55,0.31059506531204645
359,14,0.0,34,0.46975806451612906
360,14,0.0,30,0.34656084656084657
361,10,1.0,50,0.48847517730496454
362,14,,70,0.35030728709394204
363,35,,57,0.4166666666666667
364,37,0.0,9,0.5277777777777778
365,14,0.0,92,0.28414481897627963
366,36,,106,0.24141150112023899
367,10,,84,0.41132189099668776
368,7,0.0,47,0.3838383838383838
369,20,0.0,8,0.7142857142857143
370,10,0.0,36,0.42698412698412697
371,16,0.0,88,0.37400820793433653
372,36,,31,0.41625615763546797
373,36,0.0,46,0.2135306553911205
374,14,0.0,22,0.5263157894736842
375,8,0.0,67,0.29134615384615387
376,7,1.0,51,0.4217687074829932
377,7,1.0,139,0.14544869042507513
378,7,0.0,26,0.7246376811594203
379,7,1.0,54,0.3951734539969834
380,7,,42,0.4025641025641026
381,7,0.0,35,0.4128787878787879
382,7,,5,1.0
383,7,0.0,7,1.0
384,7,,16,0.6166666666666667
385,7,,24,0.7922077922077922
386,7,,8,0.6428571428571429
387,7,0.0,41,0.3967611336032389
388,7,1.0,29,0.6552706552706553
389,7,,45,0.3864894795127353
390,7,0.0,47,0.4414141414141414
391,7,0.0,21,0.6783625730994152
392,7,0.0,22,0.7315789473684211
393,7,0.0,84,0.3020174646190906
394,7,0.0,34,0.6370967741935484
395,7,,42,0.45
396,7,0.0,14,0.9120879120879121
397,7,1.0,38,0.46984126984126984
398,7,0.0,4,1.0
399,4,,18,0.49673202614379086
400,9,0.0,39,0.37237237237237236
401,4,0.0,51,0.2619047619047619
402,0,,10,0.32142857142857145
403,4,0.0,20,0.43137254901960786
404,16,0.0,84,0.31285757302017464
405,38,1.0,124,0.26825633383010433
406,14,,30,0.4973544973544973
407,14,0.0,27,0.4444444444444444
408,21,,56,0.4129979035639413
409,26,,86,0.1285140562248996
410,27,0.0,11,0.7272727272727273
411,28,1.0,106,0.2083644510828977
412,21,,70,0.35030728709394204
413,4,0.0,30,0.544973544973545
414,1,1.0,12,0.06666666666666667
415,1,0.0,4,0.16666666666666666
416,9,0.0,3,0.3333333333333333
417,10,1.0,65,0.3865847414234511
418,15,1.0,30,0.46436781609195404
419,4,1.0,101,0.24304267161410018
420,26,,138,0.17327832434147888
421,14,0.0,52,0.22775510204081634
422,35,0.0,45,0.4353535353535353
423,10,1.0,41,0.48582995951417
424,34,1.0,134,0.23039555863983344
425,4,0.0,37,0.23025210084033612
426,4,0.0,60,0.3278886872353297
427,12,0.0,57,0.39124579124579123
428,17,0.0,29,0.6125356125356125
429,17,0.0,34,0.5403225806451613
430,14,0.0,54,0.3378582202111614
431,37,0.0,25,0.4268774703557312
432,37,1.0,7,0.9523809523809523
433,37,0.0,25,0.4268774703557312
434,34,,185,0.20110490602293882
435,6,,16,0.1978021978021978
436,13,0.0,3,1.0
437,13,0.0,41,0.4358974358974359
438,13,0.0,84,0.2956940680517916
439,13,0.0,3,1.0
440,4,0.0,71,0.2041773231031543
441,14,0.0,55,0.3367003367003367
442,10,0.0,28,0.5661538461538461
443,10,,55,0.3991291727140784
444,10,1.0,33,0.589247311827957
445,3,0.0,29,0.3866995073891626
446,17,1.0,27,0.66
447,17,,32,0.4436781609195402
448,17,0.0,41,0.38866396761133604
449,1,0.0,1,0.0
450,4,0.0,74,0.31768388106416273
451,14,,13,0.48717948717948717
452,14,0.0,42,0.41410256410256413
453,6,1.0,34,0.4274193548387097
454,27,1.0,9,0.6944444444444444
455,22,0.0,64,0.3532522474881015
456,21,,4,1.0
457,4,,29,0.37037037037037035
458,4,,49,0.37465309898242366
459,1,0.0,73,0.23211567732115676
460,34,0.0,54,0.21945701357466063
461,17,0.0,26,0.5688405797101449
462,30,1.0,32,0.31494252873563217
463,30,0.0,3,0.0
464,4,0.0,49,0.33950046253469013
465,23,,17,0.20952380952380953
466,14,,53,0.30823529411764705
467,15,0.0,24,0.5144927536231884
468,1,0.0,21,0.37142857142857144
469,22,0.0,19,0.6176470588235294
470,12,0.0,26,0.35144927536231885
471,31,,14,0.3516483516483517
472,6,0.0,7,0.3333333333333333
473,15,0.0,110,0.19885773624091382
474,15,0.0,82,0.3541139240506329
475,8,0.0,2,0.0
476,15,0.0,8,0.8928571428571429
477,8,,13,0.8545454545454545
478,8,0.0,42,0.3769230769230769
479,1,0.0,6,0.3333333333333333
480,15,0.0,46,0.3456659619450317
481,22,1.0,46,0.5539112050739958
482,2,,47,0.20404040404040405
483,3,,46,0.2653276955602537
484,4,,22,0.43157894736842106
485,10,,30,0.4470899470899471
486,4,0.0,74,0.2762128325508607
487,14,,17,0.45714285714285713
488,14,0.0,11,0.6727272727272727
489,25,1.0,37,0.4336134453781513
490,6,0.0,43,0.45121951219512196
491,6,0.0,21,0.15204678362573099
492,40,,30,0.4413793103448276
493,4,1.0,86,0.30478796169630645
494,36,,116,0.17978574755472754
495,23,1.0,80,0.31535131535131533
496,14,,25,0.391304347826087
497,3,0.0,17,0.3382352941176471
498,14,1.0,86,0.2021887824897401
499,14,0.0,51,0.3401360544217687
500,14,,21,0.6619047619047619
501,14,0.0,14,0.5494505494505495
502,14,0.0,25,0.5731225296442688
503,14,,12,0.696969696969697
504,14,0.0,44,0.37282229965156793
505,14,,13,0.46153846153846156
506,14,0.0,63,0.2825136612021858
507,31,0.0,7,0.1
508,15,0.0,34,0.41889483065953653
509,15,1.0,55,0.2931785195936139
510,14,0.0,22,0.5526315789473685
511,0,0.0,24,0.20346320346320346
512,23,0.0,6,0.3333333333333333
513,35,,56,0.2348008385744235
514,8,0.0,12,0.7555555555555555
515,4,0.0,45,0.3289036544850498
516,1,,15,0.5769230769230769
517,1,0.0,14,0.6818181818181818
518,35,,73,0.3790744466800805
519,23,0.0,23,0.24285714285714285
520,21,,55,0.43831640058055155
521,2,0.0,16,0.25833333333333336
522,4,,3,0.6666666666666666
523,4,0.0,19,0.21637426900584794
524,9,,1,0.0
525,14,0.0,45,0.39867109634551495
526,4,0.0,63,0.307103825136612
527,10,1.0,19,0.6617647058823529
528,25,0.0,12,0.4444444444444444
529,14,,37,0.45546218487394957
530,14,,10,0.24444444444444444
531,3,,53,0.41411764705882353
532,21,0.0,21,0.4444444444444444
533,35,,157,0.14429201371876532
534,4,0.0,5,0.6
535,9,0.0,10,0.4888888888888889
536,15,0.0,14,0.3516483516483517
537,6,0.0,46,0.18921775898520085
538,9,,11,0.4722222222222222
539,3,0.0,8,0.39285714285714285
540,15,0.0,9,0.5277777777777778
541,23,0.0,22,0.3473684210526316
542,4,0.0,18,0.5882352941176471
543,4,1.0,43,0.3
544,4,0.0,30,0.36772486772486773
545,11,,25,0.49
546,35,1.0,101,0.22139764996907854
547,10,0.0,30,0.6481481481481481
548,6,1.0,36,0.42063492063492064
549,15,0.0,81,0.166179811749432
550,15,1.0,27,0.5584045584045584
551,15,0.0,20,0.4263157894736842
552,22,1.0,43,0.5585365853658537
553,2,0.0,10,0.7142857142857143
554,2,0.0,13,0.4909090909090909
555,14,0.0,16,0.5166666666666667
556,4,0.0,10,0.35714285714285715
557,3,,18,0.43790849673202614
558,14,0.0,12,0.30303030303030304
559,27,0.0,10,0.5714285714285714
560,31,1.0,55,0.1595959595959596
561,34,0.0,1,0.0
562,4,0.0,32,0.36551724137931035
563,4,0.0,21,0.38011695906432746
564,19,0.0,34,0.20161290322580644
565,14,0.0,12,0.3787878787878788
566,14,0.0,22,0.45021645021645024
567,4,0.0,6,0.3333333333333333
568,4,0.0,30,0.48148148148148145
569,14,0.0,41,0.3697705802968961
570,14,0.0,21,0.6491228070175439
571,21,,20,0.6105263157894737
572,4,0.0,26,0.391304347826087
573,14,1.0,21,0.6900584795321637
574,4,0.0,4,0.6666666666666666
575,0,0.0,11,0.6
576,4,0.0,19,0.4327485380116959
577,27,0.0,13,0.44871794871794873
578,27,,1,0.0
579,17,0.0,22,0.6105263157894737
580,16,0.0,2,0.0
581,3,0.0,32,0.2482758620689655
582,15,,18,0.4583333333333333
583,2,,1,0.0
584,4,0.0,4,0.8333333333333334
585,4,0.0,13,0.38181818181818183
586,21,0.0,25,0.5133333333333333
587,21,0.0,16,0.5824175824175825
588,11,0.0,24,0.48917748917748916
589,23,0.0,26,0.4601449275362319
590,11,0.0,29,0.5698005698005698
591,23,0.0,10,0.5714285714285714
592,17,0.0,35,0.42424242424242425
593,5,0.0,42,0.3681765389082462
594,36,1.0,6,0.9333333333333333
595,15,0.0,1,0.0
596,23,0.0,7,0.5
597,23,0.0,18,0.23333333333333334
598,2,0.0,9,0.7619047619047619
599,19,0.0,14,0.4175824175824176
600,4,0.0,13,0.5454545454545454
601,36,0.0,38,0.3712660028449502
602,14,,26,0.42028985507246375
603,1,0.0,1,0.0
604,22,,8,0.5357142857142857
605,1,,4,0.0
606,21,0.0,1,0.0
607,34,0.0,33,0.3465909090909091
608,14,0.0,30,0.47883597883597884
609,13,0.0,6,0.6666666666666666
610,6,0.0,18,0.2916666666666667
611,4,0.0,26,0.38769230769230767
612,37,,56,0.283717679944095
613,6,,13,0.05454545454545454
614,24,0.0,6,0.3333333333333333
615,35,,62,0.26101694915254237
616,6,0.0,6,0.26666666666666666
617,17,0.0,6,0.6666666666666666
618,16,0.0,15,0.5641025641025641
619,6,0.0,8,0.7142857142857143
620,4,0.0,4,1.0
621,0,0.0,17,0.38235294117647056
622,21,0.0,1,0.0
623,4,0.0,12,0.28888888888888886
624,26,0.0,11,0.23636363636363636
625,21,,6,1.0
626,4,0.0,1,0.0
627,15,0.0,16,0.2857142857142857
628,7,0.0,8,1.0
629,1,0.0,4,0.5
630,20,0.0,4,1.0
631,19,0.0,4,1.0
632,7,0.0,5,1.0
633,21,0.0,2,0.0
634,21,0.0,3,0.0
635,21,0.0,11,0.7636363636363637
636,21,,3,0.0
637,19,0.0,5,1.0
638,38,0.0,26,0.2391304347826087
639,19,0.0,7,0.4
640,16,,19,0.5294117647058824
641,23,,20,0.4117647058823529
642,6,0.0,21,0.5497076023391813
643,37,0.0,13,0.3333333333333333
644,25,0.0,17,0.4
645,1,0.0,7,0.4
646,22,,5,1.0
647,6,,14,0.45454545454545453
648,21,0.0,2,0.0
649,14,0.0,12,0.4
650,1,0.0,1,0.0
651,26,,19,0.27205882352941174
652,8,0.0,7,0.3333333333333333
653,7,0.0,2,0.0
654,37,0.0,38,0.2802275960170697
655,4,,32,0.296551724137931
656,0,,11,0.4727272727272727
657,17,0.0,1,0.0
658,14,0.0,2,0.0
659,6,0.0,3,0.0
660,17,0.0,2,0.0
661,14,0.0,45,0.34219269102990035
662,16,0.0,20,0.5947712418300654
663,15,0.0,20,0.5490196078431373
664,4,,13,0.2
665,32,0.0,29,0.5584045584045584
666,14,,24,0.47186147186147187
667,15,0.0,30,0.36091954022988504
668,0,0.0,1,0.0
669,23,,8,0.2
670,21,,2,0.0
671,29,,30,0.3816091954022989
672,14,0.0,15,0.5641025641025641
673,23,0.0,3,0.0
674,14,0.0,20,0.5490196078431373
675,1,0.0,2,0.0
676,17,,4,0.6666666666666666
677,26,0.0,2,1.0
678,15,,16,0.32967032967032966
679,29,0.0,20,0.42483660130718953
680,0,0.0,1,0.0
681,0,0.0,24,0.43722943722943725
682,0,,3,0.6666666666666666
683,22,,10,0.9642857142857143
684,34,0.0,2,0.0
685,21,,48,0.5333333333333333
686,6,0.0,10,0.37777777777777777
687,16,0.0,7,0.6666666666666666
688,4,0.0,1,0.0
689,4,0.0,4,0.0
690,15,0.0,22,0.4842105263157895
691,21,,2,0.0
692,0,0.0,2,0.0
693,36,0.0,5,1.0
694,4,0.0,9,0.19444444444444445
695,23,0.0,29,0.2222222222222222
696,1,0.0,9,0.7222222222222222
697,1,0.0,8,0.26666666666666666
698,22,0.0,29,0.8091168091168092
699,14,0.0,26,0.4528985507246377
700,14,0.0,30,0.4298850574712644
701,30,0.0,1,0.0
702,4,0.0,2,1.0
703,9,0.0,2,0.0
704,10,0.0,3,0.0
705,4,0.0,9,0.5238095238095238
706,4,0.0,12,0.30303030303030304
707,14,0.0,40,0.3269230769230769
708,16,,20,0.6339869281045751
709,16,0.0,3,1.0
710,15,,20,0.43137254901960786
711,21,0.0,2,0.0
712,0,0.0,4,0.0
713,15,,3,1.0
714,4,0.0,25,0.49407114624505927
715,15,0.0,5,0.1
716,29,0.0,3,0.0
717,24,,11,0.3055555555555556
718,21,0.0,6,0.8666666666666667
719,7,0.0,15,0.5256410256410257
720,14,,25,0.5098814229249012
721,11,0.0,7,0.9
722,11,0.0,4,0.6666666666666666
723,9,0.0,14,0.2727272727272727
724,13,0.0,2,1.0
725,10,,13,0.8333333333333334
726,31,0.0,20,0.49019607843137253
727,4,0.0,4,0.3333333333333333
728,22,0.0,16,0.49166666666666664
729,14,,8,0.39285714285714285
730,23,0.0,14,0.3181818181818182
731,1,0.0,2,0.0
732,4,0.0,2,0.0
733,9,0.0,15,0.28205128205128205
734,1,0.0,14,0.34065934065934067
735,17,0.0,7,0.9523809523809523
736,27,,7,0.7
737,28,0.0,3,0.0
738,22,,36,0.7076648841354723
739,14,0.0,6,0.4
740,20,0.0,4,0.3333333333333333
741,7,,7,0.9
742,23,,5,0.0
743,1,,5,1.0
744,4,0.0,2,0.0
745,6,0.0,9,0.23809523809523808
746,15,0.0,2,0.0
747,15,1.0,39,0.39271255060728744
748,23,,34,0.3649193548387097
749,4,0.0,5,0.5
750,20,0.0,1,0.0
751,5,0.0,7,0.8095238095238095
752,36,0.0,5,0.5
753,10,0.0,21,0.49122807017543857
754,14,0.0,28,0.3968253968253968
755,21,0.0,1,0.0
756,39,0.0,26,0.2717391304347826
757,10,0.0,5,0.3333333333333333
758,41,,15,0.16666666666666666
759,31,0.0,2,0.0
760,17,,4,0.5
761,7,0.0,1,0.0
762,21,0.0,1,0.0
763,34,0.0,3,0.0
764,1,,9,0.08333333333333333
765,14,,20,0.5526315789473685
766,2,,5,1.0
767,18,0.0,6,0.4666666666666667
768,16,,15,0.819047619047619
769,27,0.0,3,0.3333333333333333
770,16,0.0,1,0.0
771,38,0.0,8,0.6428571428571429
772,7,0.0,2,0.0
773,38,,3,0.0
774,21,0.0,1,0.0
775,1,0.0,1,0.0
776,5,,30,0.4973544973544973
777,9,0.0,21,0.2573099415204678
778,15,0.0,5,0.3
779,15,0.0,3,0.3333333333333333
780,15,0.0,1,0.0
781,0,0.0,3,0.3333333333333333
782,6,1.0,3,1.0
783,23,,8,0.35714285714285715
784,28,0.0,3,0.0
785,11,0.0,4,0.6666666666666666
786,23,,11,0.2222222222222222
787,34,,1,0.0
788,24,,3,0.0
789,4,,11,0.2909090909090909
790,4,0.0,1,0.0
791,4,0.0,6,0.4
792,24,0.0,1,0.0
793,23,0.0,5,0.1
794,17,0.0,2,1.0
795,10,0.0,1,0.0
796,17,0.0,4,0.8333333333333334
797,1,0.0,7,0.3
798,1,,2,0.0
799,15,,7,0.19047619047619047
800,15,,6,0.13333333333333333
801,4,0.0,2,1.0
802,4,0.0,7,0.8
803,21,0.0,20,0.6862745098039216
804,14,0.0,12,0.6212121212121212
805,14,0.0,4,0.16666666666666666
806,20,0.0,7,1.0
807,28,0.0,6,0.6
808,20,,2,0.0
809,22,1.0,49,0.482886216466235
810,26,0.0,17,0.23529411764705882
811,3,0.0,8,0.6071428571428571
812,32,0.0,62,0.29774011299435027
813,4,0.0,24,0.427536231884058
814,0,0.0,5,0.2
815,21,0.0,19,0.6323529411764706
816,13,0.0,23,0.47619047619047616
817,4,,7,0.5
818,15,,13,0.32051282051282054
819,17,,5,0.6
820,5,,130,0.23806594488188976
821,24,1.0,2,1.0
822,4,,22,0.33157894736842103
823,14,0.0,25,0.466403162055336
824,0,0.0,1,0.0
825,9,,4,0.8333333333333334
826,21,,27,0.7133333333333334
827,14,0.0,1,0.0
828,38,1.0,29,0.4187192118226601
829,4,,4,0.5
830,14,0.0,1,0.0
831,31,0.0,1,0.0
832,21,0.0,27,0.62
833,14,0.0,9,0.7619047619047619
834,6,0.0,1,0.0
835,4,0.0,7,0.5238095238095238
836,4,0.0,6,0.3333333333333333
837,6,,3,0.0
838,17,0.0,2,1.0
839,0,0.0,2,0.0
840,4,1.0,18,0.6416666666666667
841,7,0.0,9,0.3333333333333333
842,16,0.0,2,1.0
843,4,0.0,2,1.0
844,4,0.0,3,0.6666666666666666
845,21,0.0,32,0.5770114942528736
846,1,0.0,3,0.0
847,10,0.0,29,0.5299145299145299
848,3,0.0,3,1.0
849,21,0.0,8,0.4
850,4,0.0,2,0.0
851,0,0.0,16,0.4725274725274725
852,1,0.0,6,0.0
853,7,0.0,1,0.0
854,17,0.0,7,0.8095238095238095
855,15,0.0,5,0.3
856,14,0.0,68,0.29277389277389276
857,0,0.0,4,0.6666666666666666
858,9,,1,0.0
859,32,1.0,74,0.38810641627543035
860,13,0.0,24,0.6233766233766234
861,5,0.0,1,0.0
862,2,0.0,1,0.0
863,21,,1,0.0
864,28,,1,0.0
865,21,,11,0.9722222222222222
866,22,,3,0.6666666666666666
867,22,,4,0.5
868,7,0.0,2,0.0
869,7,0.0,6,0.7333333333333333
870,33,0.0,3,1.0
871,0,,1,0.0
872,1,0.0,13,0.3333333333333333
873,15,0.0,2,1.0
874,4,0.0,3,1.0
875,31,0.0,1,0.0
876,30,0.0,1,0.0
877,15,,9,0.5
878,11,0.0,4,1.0
879,19,,1,0.0
880,21,1.0,32,0.5816091954022988
881,9,0.0,1,0.0
882,21,1.0,2,1.0
883,13,0.0,12,0.7777777777777778
884,21,0.0,3,0.0
885,9,0.0,5,0.6
886,32,,11,0.5636363636363636
887,9,0.0,5,0.6666666666666666
888,32,0.0,1,0.0
889,38,0.0,4,0.6666666666666666
890,9,,3,0.0
891,38,0.0,2,1.0
892,38,,23,0.3952380952380952
893,14,0.0,2,1.0
894,9,0.0,1,0.0
895,10,1.0,3,1.0
896,38,0.0,32,0.40229885057471265
897,10,0.0,1,0.0
898,22,0.0,4,0.0
899,21,,1,0.0
900,13,0.0,27,0.43333333333333335
901,21,0.0,1,0.0
902,4,0.0,1,0.0
903,0,0.0,3,1.0
904,1,0.0,1,0.0
905,1,0.0,10,0.8214285714285714
906,23,0.0,5,0.4
907,0,0.0,14,0.5
908,5,0.0,28,0.5661538461538461
909,4,0.0,8,0.7142857142857143
910,4,0.0,1,0.0
911,15,,3,1.0
912,14,,5,0.5
913,14,,21,0.40476190476190477
914,13,,23,0.5476190476190477
915,11,,1,0.0
916,1,0.0,1,0.0
917,5,0.0,27,0.5726495726495726
918,5,,28,0.6461538461538462
919,10,0.0,13,0.7636363636363637
920,23,0.0,2,0.0
921,21,0.0,11,0.6545454545454545
922,14,0.0,25,0.24110671936758893
923,9,,6,0.6666666666666666
924,20,0.0,11,0.6
925,10,1.0,19,0.7941176470588235
926,19,,15,0.6923076923076923
927,19,0.0,13,0.8363636363636363
928,21,0.0,1,0.0
929,17,0.0,14,0.7575757575757576
930,19,0.0,16,0.43956043956043955
931,19,,17,0.5142857142857142
932,36,0.0,99,0.2712628865979381
933,17,0.0,18,0.6833333333333333
934,35,,4,0.3333333333333333
935,16,0.0,5,0.6
936,4,0.0,27,0.30666666666666664
937,16,0.0,9,0.8095238095238095
938,4,0.0,1,0.0
939,6,,3,0.3333333333333333
940,4,0.0,2,1.0
941,41,0.0,1,0.0
942,6,0.0,2,0.0
943,7,0.0,1,0.0
944,23,,1,0.0
945,9,,5,0.6666666666666666
946,23,0.0,1,0.0
947,7,,10,1.0
948,6,0.0,1,0.0
949,22,0.0,25,0.7233201581027668
950,36,,45,0.19494949494949496
951,14,,11,0.5833333333333334
952,15,0.0,8,0.5333333333333333
953,11,,16,0.325
954,35,0.0,7,0.8571428571428571
955,5,0.0,9,0.7142857142857143
956,14,0.0,15,0.4857142857142857
957,14,0.0,10,0.6444444444444445
958,15,0.0,3,0.3333333333333333
959,4,,1,0.0
960,6,0.0,1,0.0
961,4,0.0,1,0.0
962,9,,2,0.0
963,19,,42,0.391025641025641
964,11,0.0,5,0.6
965,4,0.0,1,0.0
966,29,0.0,2,1.0
967,14,0.0,5,0.7
968,15,,4,1.0
969,15,,2,1.0
970,5,0.0,6,0.4666666666666667
971,32,1.0,97,0.05442329227323628
972,15,0.0,2,0.0
973,14,0.0,1,0.0
974,5,,7,0.8095238095238095
975,9,0.0,1,0.0
976,10,0.0,27,0.7666666666666667
977,19,0.0,4,1.0
978,13,0.0,5,1.0
979,23,0.0,7,0.2
980,12,0.0,12,0.4
981,10,0.0,27,0.7666666666666667
982,21,0.0,1,0.0
983,10,0.0,3,1.0
984,35,,3,0.3333333333333333
985,7,0.0,1,0.0
986,22,0.0,3,0.6666666666666666
987,22,,12,0.803030303030303
988,22,0.0,2,1.0
989,8,,4,1.0
990,21,0.0,20,0.6210526315789474
991,32,,4,1.0
992,4,,3,0.0
993,21,0.0,1,0.0
994,21,,1,0.0
995,6,0.0,1,0.0
996,14,,1,0.0
997,11,0.0,3,1.0
998,14,0.0,1,0.0
999,15,0.0,1,0.0
1000,4,,6,0.6
1001,21,,10,0.8444444444444444
1002,1,0.0,1,0.0
1003,6,0.0,1,0.0
1004,22,0.0,1,0.0
